"Name","Phone","Email","Tags","Group","Status"
"❣️","+918291417718","","","","active"
"PR@S@d","+919970526369","","","","active"
"NILESH","+919960762050","","","","active"
"@","+918380854018","","","","active"
"Pratik Ahirrao","+919156879887","","","","active"
"SHAILESH N. SHETKAR 🙋‍♂️","+919221005005","","","","active"
"Rohit","+918208085271","","","","active"
"Kishore","+917021912650","","","","active"
"Ashu","+917972233022","","","","active"
"Raj","+918655566447","","","","active"
"Milind Jadhav","+919594134464","","","","active"
"Kailas Rasal","+919892835910","","","","active"
"🏀⛹🏻‍♀️Kenny Susan⛹🏻‍♀️🏀","+919619172878","","","","active"
"Sumit","+917875784321","","","","active"
"ॐ श्री महाकालेश्वराय नमः","+919604798908","","","","active"
"Ganesh Rawate","+919702668216","","","","active"
"+9186001126395","+9186001126395","","","","active"
"+918600126395","+918600126395","","","","active"
"🚒","+918850137708","","","","active"
"Ravindra Pashte","+919273610646","","","","active"
"Devarshhh❤️‍🔥","+917666895252","","","","active"
"One Day You Will Be Miss","+919022223010","","","","active"
"Sagar Gosavi","+919028399198","","","","active"
"Harshad Kulkarni","+918850286430","","","","active"
"Rajesh Patil","+918888880474","","","","active"
"+917798245428","+917798245428","","","","active"
"+919890540487","+919890540487","","","","active"
"+917738016768","+917738016768","","","","active"
"+918149595987","+918149595987","","","","active"
"+917506606168","+917506606168","","","","active"
"+919967882983","+919967882983","","","","active"
"+917774945000","+917774945000","","","","active"
"+918806245962","+918806245962","","","","active"
"+918149128812","+918149128812","","","","active"
"+919322753930","+919322753930","","","","active"
"+918652525266","+918652525266","","","","active"
"+918828243052","+918828243052","","","","active"
"+919021200085","+919021200085","","","","active"
"+917058842328","+917058842328","","","","active"
"+919987586002","+919987586002","","","","active"
"+919766818914","+919766818914","","","","active"
"+917276569981","+917276569981","","","","active"
"+919967499593","+919967499593","","","","active"
"+918956548117","+918956548117","","","","active"
"+917666009000","+917666009000","","","","active"
"+918888056824","+918888056824","","","","active"
"+918828086768","+918828086768","","","","active"
"+919619299001","+919619299001","","","","active"
"+917756945246","+917756945246","","","","active"
"+917263997412","+917263997412","","","","active"
"+918956892134","+918956892134","","","","active"
"+919975515776","+919975515776","","","","active"
"+919820684438","+919820684438","","","","active"
"+910000000000","+910000000000","","","","active"
"+918530827266","+918530827266","","","","active"
"+919921431651","+919921431651","","","","active"
"+917775989875","+917775989875","","","","active"
"+917738067789","+917738067789","","","","active"
"+919004786625","+919004786625","","","","active"
"+918796655143","+918796655143","","","","active"
"+919665123478","+919665123478","","","","active"
"+918097528862","+918097528862","","","","active"
"+917719022536","+917719022536","","","","active"
"+919011384675","+919011384675","","","","active"
"+919730029044","+919730029044","","","","active"
"+917506002765","+917506002765","","","","active"
"+917709776251","+917709776251","","","","active"
"+918888345639","+918888345639","","","","active"
"+917718809873","+917718809873","","","","active"
"+918424044415","+918424044415","","","","active"
"+918097164323","+918097164323","","","","active"
"+917020544279","+917020544279","","","","active"
"+919975009783","+919975009783","","","","active"
"+919604536803","+919604536803","","","","active"
"+917517624003","+917517624003","","","","active"
"+919594743999","+919594743999","","","","active"
"+919284569826","+919284569826","","","","active"
"+918830104017","+918830104017","","","","active"
"+917276065184","+917276065184","","","","active"
"+918356837772","+918356837772","","","","active"
"+918605640179","+918605640179","","","","active"
"+919823350830","+919823350830","","","","active"
"+919004142224","+919004142224","","","","active"
"+919511847044","+919511847044","","","","active"
"+919004209029","+919004209029","","","","active"
"+918378813149","+918378813149","","","","active"
"+919372441711","+919372441711","","","","active"
"+918655718032","+918655718032","","","","active"
"+917387366989","+917387366989","","","","active"
"+918087123978","+918087123978","","","","active"
"+919028613715","+919028613715","","","","active"
"+910066988000","+910066988000","","","","active"
"+919930668009","+919930668009","","","","active"
"+918087643488","+918087643488","","","","active"
"+919975632132","+919975632132","","","","active"
"+918329391469","+918329391469","","","","active"
"+917058780089","+917058780089","","","","active"
"+919545697604","+919545697604","","","","active"
"+919987769550","+919987769550","","","","active"
"+917798251616","+917798251616","","","","active"
"+919322662404","+919322662404","","","","active"
"+917499983536","+917499983536","","","","active"
"+917028788477","+917028788477","","","","active"
"+918856949555","+918856949555","","","","active"
"+919421226354","+919421226354","","","","active"
"+919833557375","+919833557375","","","","active"
"+919820210212","+919820210212","","","","active"
"+919930634279","+919930634279","","","","active"
"+919373038101","+919373038101","","","","active"
"+919764029737","+919764029737","","","","active"
"+919112257574","+919112257574","","","","active"
"+918767084828","+918767084828","","","","active"
"+919623962304","+919623962304","","","","active"
"+919860490288","+919860490288","","","","active"
"+919096866086","+919096866086","","","","active"
"+919920014149","+919920014149","","","","active"
"+918450914691","+918450914691","","","","active"
"+919870120145","+919870120145","","","","active"
"+919763237389","+919763237389","","","","active"
"+918329352025","+918329352025","","","","active"
"+918451045852","+918451045852","","","","active"
"+917977472360","+917977472360","","","","active"
"+918600508614","+918600508614","","","","active"
"+919545837436","+919545837436","","","","active"
"+919930246555","+919930246555","","","","active"
"+919819445128","+919819445128","","","","active"
"+917038658396","+917038658396","","","","active"
"+918007565226","+918007565226","","","","active"
"+917378762346","+917378762346","","","","active"
"+919665148306","+919665148306","","","","active"
"+919004411750","+919004411750","","","","active"
"+919819065193","+919819065193","","","","active"
"+918424009083","+918424009083","","","","active"
"+919270991961","+919270991961","","","","active"
"+919594984477","+919594984477","","","","active"
"+919168811131","+919168811131","","","","active"
"+919773000787","+919773000787","","","","active"
"+919096909920","+919096909920","","","","active"
"+918805406111","+918805406111","","","","active"
"+919975915843","+919975915843","","","","active"
"+918928450475","+918928450475","","","","active"
"+917720000699","+917720000699","","","","active"
"+919819004015","+919819004015","","","","active"
"+919850440632","+919850440632","","","","active"
"+918637776669","+918637776669","","","","active"
"+917219374767","+917219374767","","","","active"
"+919284855430","+919284855430","","","","active"
"+919967609749","+919967609749","","","","active"
"+919167833229","+919167833229","","","","active"
"+917798331115","+917798331115","","","","active"
"+917568639130","+917568639130","","","","active"
"+919619042077","+919619042077","","","","active"
"+919167627325","+919167627325","","","","active"
"+918692874713","+918692874713","","","","active"
"+919096560789","+919096560789","","","","active"
"+919168562892","+919168562892","","","","active"
"+919768374458","+919768374458","","","","active"
"+918291703708","+918291703708","","","","active"
"+917887515422","+917887515422","","","","active"
"+918595740163","+918595740163","","","","active"
"+917678041486","+917678041486","","","","active"
"+919930207772","+919930207772","","","","active"
"+919930126707","+919930126707","","","","active"
"+918446130137","+918446130137","","","","active"
"+919372816387","+919372816387","","","","active"
"+918104085590","+918104085590","","","","active"
"+919867799909","+919867799909","","","","active"
"+919923577895","+919923577895","","","","active"
"+919518794263","+919518794263","","","","active"
"+918007875552","+918007875552","","","","active"
"+919322215478","+919322215478","","","","active"
"+918698056125","+918698056125","","","","active"
"+918879451917","+918879451917","","","","active"
"+918208249626","+918208249626","","","","active"
"+919920270991","+919920270991","","","","active"
"+919414878411","+919414878411","","","","active"
"+918856085657","+918856085657","","","","active"
"+919561687201","+919561687201","","","","active"
"+919158930030","+919158930030","","","","active"
"+919833529123","+919833529123","","","","active"
"+917692093937","+917692093937","","","","active"
"+919325266483","+919325266483","","","","active"
"+917738130625","+917738130625","","","","active"
"+918830021151","+918830021151","","","","active"
"+918652122220","+918652122220","","","","active"
"+919172375567","+919172375567","","","","active"
"+919822412720","+919822412720","","","","active"
"+918600857779","+918600857779","","","","active"
"+917208877208","+917208877208","","","","active"
"+919820335929","+919820335929","","","","active"
"+919819594408","+919819594408","","","","active"
"+919967168599","+919967168599","","","","active"
"+919175919190","+919175919190","","","","active"
"+919769959926","+919769959926","","","","active"
"+919322384001","+919322384001","","","","active"
"+919404993833","+919404993833","","","","active"
"+918779822841","+918779822841","","","","active"
"+917038760956","+917038760956","","","","active"
"+919987396167","+919987396167","","","","active"
"+917875322251","+917875322251","","","","active"
"+918805716284","+918805716284","","","","active"
"+919867726512","+919867726512","","","","active"
"+918390997108","+918390997108","","","","active"
"+917021216767","+917021216767","","","","active"
"+919594981562","+919594981562","","","","active"
"+919921734693","+919921734693","","","","active"
"+919511248274","+919511248274","","","","active"
"+917385309840","+917385309840","","","","active"
"+918421302707","+918421302707","","","","active"
"+919821916813","+919821916813","","","","active"
"+918087324707","+918087324707","","","","active"
"+919518370956","+919518370956","","","","active"
"+919022238552","+919022238552","","","","active"
"+917030760030","+917030760030","","","","active"
"+917741990178","+917741990178","","","","active"
"+919699932186","+919699932186","","","","active"
"+918082051602","+918082051602","","","","active"
"+918828880123","+918828880123","","","","active"
"+919511741222","+919511741222","","","","active"
"+917028547146","+917028547146","","","","active"
"+918087378808","+918087378808","","","","active"
"+919322398495","+919322398495","","","","active"
"+919922009786","+919922009786","","","","active"
"+918104919772","+918104919772","","","","active"
"+917320795298","+917320795298","","","","active"
"+919860460378","+919860460378","","","","active"
"+918169924533","+918169924533","","","","active"
"+918625803743","+918625803743","","","","active"
"+919834325841","+919834325841","","","","active"
"+919325139539","+919325139539","","","","active"
"+919822554951","+919822554951","","","","active"
"+919029165782","+919029165782","","","","active"
"+919518929114","+919518929114","","","","active"
"+918591134686","+918591134686","","","","active"
"+919930363117","+919930363117","","","","active"
"+918237030461","+918237030461","","","","active"
"+918788729785","+918788729785","","","","active"
"+918381004341","+918381004341","","","","active"
"+919867326767","+919867326767","","","","active"
"+919707940519","+919707940519","","","","active"
"+919860100805","+919860100805","","","","active"
"+919860298984","+919860298984","","","","active"
"+918766954072","+918766954072","","","","active"
"+919769362660","+919769362660","","","","active"
"+919420609078","+919420609078","","","","active"
"+917387243160","+917387243160","","","","active"
"+919096411801","+919096411801","","","","active"
"+917057991532","+917057991532","","","","active"
"+919820662621","+919820662621","","","","active"
"+919765127276","+919765127276","","","","active"
"+919860299779","+919860299779","","","","active"
"+919769021518","+919769021518","","","","active"
"+919096154800","+919096154800","","","","active"
"+917718859795","+917718859795","","","","active"
"+917350876362","+917350876362","","","","active"
"+918446360339","+918446360339","","","","active"
"+919137500150","+919137500150","","","","active"
"+918007188397","+918007188397","","","","active"
"+918169010235","+918169010235","","","","active"
"+919967059480","+919967059480","","","","active"
"+917738299553","+917738299553","","","","active"
"+917721834788","+917721834788","","","","active"
"+917448138926","+917448138926","","","","active"
"+919561963031","+919561963031","","","","active"
"+917506716121","+917506716121","","","","active"
"+919819936577","+919819936577","","","","active"
"+919029740184","+919029740184","","","","active"
"+919819553983","+919819553983","","","","active"
"+917498400915","+917498400915","","","","active"
"+917038828418","+917038828418","","","","active"
"+917045001718","+917045001718","","","","active"
"+918208123019","+918208123019","","","","active"
"+917767888141","+917767888141","","","","active"
"+918408810181","+918408810181","","","","active"
"+918879300602","+918879300602","","","","active"
"+918624034876","+918624034876","","","","active"
"+919834210518","+919834210518","","","","active"
"+917875505798","+917875505798","","","","active"
"+918329963347","+918329963347","","","","active"
"+919763257153","+919763257153","","","","active"
"+919284472808","+919284472808","","","","active"
"+918237615563","+918237615563","","","","active"
"+919850938081","+919850938081","","","","active"
"+919892610051","+919892610051","","","","active"
"+917738390366","+917738390366","","","","active"
"+918830591862","+918830591862","","","","active"
"+917249112209","+917249112209","","","","active"
"+919594186177","+919594186177","","","","active"
"+917977718675","+917977718675","","","","active"
"+917387831008","+917387831008","","","","active"
"+919323110199","+919323110199","","","","active"
"+918080828585","+918080828585","","","","active"
"+919960053037","+919960053037","","","","active"
"+919920272044","+919920272044","","","","active"
"+919892170986","+919892170986","","","","active"
"+918793378486","+918793378486","","","","active"
"+919930954262","+919930954262","","","","active"
"+918769895599","+918769895599","","","","active"
"+918850045321","+918850045321","","","","active"
"+918108088326","+918108088326","","","","active"
"+917057906522","+917057906522","","","","active"
"+918390317917","+918390317917","","","","active"
"+917875527352","+917875527352","","","","active"
"+917972276217","+917972276217","","","","active"
"+917020412013","+917020412013","","","","active"
"+919075354587","+919075354587","","","","active"
"+918605388702","+918605388702","","","","active"
"+919029647748","+919029647748","","","","active"
"+919284133047","+919284133047","","","","active"
"+918591211617","+918591211617","","","","active"
"+919322916496","+919322916496","","","","active"
"+918459454928","+918459454928","","","","active"
"+919049978682","+919049978682","","","","active"
"+919773302913","+919773302913","","","","active"
"+917038484963","+917038484963","","","","active"
"+919923250027","+919923250027","","","","active"
"+919987454172","+919987454172","","","","active"
"+919892703045","+919892703045","","","","active"
"+917219821788","+917219821788","","","","active"
"+918419922214","+918419922214","","","","active"
"+919766726550","+919766726550","","","","active"
"+917887635123","+917887635123","","","","active"
"+919768759726","+919768759726","","","","active"
"+919146272618","+919146272618","","","","active"
"+918484827333","+918484827333","","","","active"
"+919821151739","+919821151739","","","","active"
"+917249881572","+917249881572","","","","active"
"+919004095439","+919004095439","","","","active"
"+917507331401","+917507331401","","","","active"
"+917507985793","+917507985793","","","","active"
"+919860004104","+919860004104","","","","active"
"+919665330484","+919665330484","","","","active"
"+919552618232","+919552618232","","","","active"
"+918999100314","+918999100314","","","","active"
"+919881848149","+919881848149","","","","active"
"+919158876549","+919158876549","","","","active"
"+918329870321","+918329870321","","","","active"
"+918356821403","+918356821403","","","","active"
"+917820994001","+917820994001","","","","active"
"+919561620289","+919561620289","","","","active"
"+919167751734","+919167751734","","","","active"
"+919028657671","+919028657671","","","","active"
"+918806834278","+918806834278","","","","active"
"+918709831943","+918709831943","","","","active"
"+918766748015","+918766748015","","","","active"
"+918390898931","+918390898931","","","","active"
"+919820345003","+919820345003","","","","active"
"+919930142874","+919930142874","","","","active"
"+917506810808","+917506810808","","","","active"
"+917083826671","+917083826671","","","","active"
"+917767051891","+917767051891","","","","active"
"+917057987565","+917057987565","","","","active"
"+919822822133","+919822822133","","","","active"
"+918459471207","+918459471207","","","","active"
"Sairaj Koyande","+919619523254","","","","active"